ort;kanton;name;baujahr;konfession;bautypus;eigentum;baumassnahmen;nutzungsform;nutzungsart;infolink;ID
Lausanne;VD;Temple de Saint-Luc;1938 - 1940;Evangelisch-reformiert;Kirche;R³ckgabe;Umbau;Fremdnutzung;Sozial;https://www.schweizerkirchenbautag.unibe.ch/datenbank_kirchenumnutzungen/fichen/1_vd_lausanne_temple_de_saint_luc/index_ger.html;1
Luzern;LU;Maihofkirche (St. Josef);1940 - 1941;R÷misch-katholisch;Kirche;Unverõndert;Umbau;Zusammennutzung;Verschiedenes;https://www.schweizerkirchenbautag.unibe.ch/datenbank_kirchenumnutzungen/fichen/2_lu_luzern_maihofkirche_st_josef/index_ger.html;2
Winterthur;ZH;Kirche Rosenberg;1963 - 1964;Evangelisch-reformiert;Kirche;Unverõndert;;Erweiterte Nutzung;;https://www.schweizerkirchenbautag.unibe.ch/datenbank_kirchenumnutzungen/fichen/3_zh_winterthur_kirche_rosenberg/index_ger.html;3
Z³rich;ZH;Kirche Wollishofen;1935 - 1936;Evangelisch-reformiert;Kirche;Unverõndert;Unverõndert;Zusammennutzung;Verschiedenes;https://www.schweizerkirchenbautag.unibe.ch/datenbank_kirchenumnutzungen/fichen/4_zh_zuerich_kirche_wollishofen/index_ger.html;4
Fribourg;FR;Regina Mundi;1958;R÷misch-katholisch;Kirche;Verkauf;Umbau;Fremdnutzung;Weiteres;https://www.schweizerkirchenbautag.unibe.ch/datenbank_kirchenumnutzungen/fichen/5_fr_fribourg_regina_mundi/index_ger.html;5
Basel;BS;Markuskirche;1932;Evangelisch-reformiert;Kirche;Unverõndert;Abriss | Neubau;Fremdnutzung;Privat;https://www.schweizerkirchenbautag.unibe.ch/datenbank_kirchenumnutzungen/fichen/6_bs_basel_markuskirche/index_ger.html;6
GenĶve;GE;Temple de la Roseraie;1961;Evangelisch-reformiert;Kirche;;Abriss | Neubau;Fremdnutzung;Privat;https://www.schweizerkirchenbautag.unibe.ch/datenbank_kirchenumnutzungen/fichen/7_ge_genve_temple_de_la_roseraie/index_ger.html;7
Bern;BE;Matthõuskirche;1962 - 1965;Evangelisch-reformiert;Kirche;Abgabe im Baurecht;Unverõndert;Zusammennutzung;Verschiedenes;https://www.schweizerkirchenbautag.unibe.ch/datenbank_kirchenumnutzungen/fichen/8_be_bern_matthaeuskirche/index_ger.html;8
Turgi;AG;Reformierte Kirche;1959 - 1960;Evangelisch-reformiert;Kirche;Unverõndert;Abriss | Neubau;Zusammennutzung;Verschiedenes;https://www.schweizerkirchenbautag.unibe.ch/datenbank_kirchenumnutzungen/fichen/9_ag_turgi_reformierte_kirche/index_ger.html;9
Bern;BE;Neuapostolische Kirche;1952;Neuapostolisch;Kirche;;;;;https://www.schweizerkirchenbautag.unibe.ch/datenbank_kirchenumnutzungen/fichen/10_be_bern_neuapostolische_kirche/index_ger.html;10
Staffelbach;AG;Methodistische Kirche;;Evangelisch-methodistisch;Kirche;Verkauf;;Fremdnutzung;Privat;https://www.schweizerkirchenbautag.unibe.ch/datenbank_kirchenumnutzungen/fichen/11_ag_staffelbach_methodistische_kirche/index_ger.html;11
B÷ckten;BL;Neuapostolische Kirche;;Neuapostolisch;Kirche;Verkauf;;Fremdnutzung;Verschiedenes;https://www.schweizerkirchenbautag.unibe.ch/datenbank_kirchenumnutzungen/fichen/12_bl_boeckten_neuapostolische_kirche/index_ger.html;12
Mellingen;AG;Neuapostolische Kirche;;Neuapostolisch;Kirche;Verkauf;;Fremdnutzung;Kirchlich;https://www.schweizerkirchenbautag.unibe.ch/datenbank_kirchenumnutzungen/fichen/13_ag_mellingen_neuapostolische_kirche/index_ger.html;13
Teufen;AR;Methodistische Kirche;1908;Evangelisch-methodistisch;Kirche;Verkauf;;Fremdnutzung;Privat;https://www.schweizerkirchenbautag.unibe.ch/datenbank_kirchenumnutzungen/fichen/14_ar_teufen_methodistische_kirche/index_ger.html;14
Bern;BE;Wesley-Kapelle;1907;Evangelisch-methodistisch;Kirche;;Umbau;Fremdnutzung;Kulturell;https://www.schweizerkirchenbautag.unibe.ch/datenbank_kirchenumnutzungen/fichen/15_be_bern_wesley_kapelle/index_ger.html;15
St. Gallen;SG;Neuapostolische Kirche;1957;Neuapostolisch;Kirche;Verkauf;;Fremdnutzung;Weiteres;https://www.schweizerkirchenbautag.unibe.ch/datenbank_kirchenumnutzungen/fichen/16_sg_st_gallen_neuapostolische_kirche/index_ger.html;16
Z³rich;ZH;Neuapostolische Kirche Wollishofen;;Neuapostolisch;Kirche;Verkauf;Abriss | Neubau;Fremdnutzung;Privat;https://www.schweizerkirchenbautag.unibe.ch/datenbank_kirchenumnutzungen/fichen/17_zh_zuerich_neuapostolische_kirche_wollishofen/index_ger.html;17
Brienz;BE;Neuapostolische Kirche;;Neuapostolisch;Kirche;Verkauf;;Fremdnutzung;Privat;https://www.schweizerkirchenbautag.unibe.ch/datenbank_kirchenumnutzungen/fichen/18_be_brienz_neuapostolische_kirche/index_ger.html;18
Laufen;BL;Neuapostolische Kirche;;Neuapostolisch;Kirche;Verkauf;;Fremdnutzung;Privat;https://www.schweizerkirchenbautag.unibe.ch/datenbank_kirchenumnutzungen/fichen/19_bl_laufen_neuapostolische_kirche/index_ger.html;19
Solothurn;SO;St. Josef;1650 um;R÷misch-katholisch;Kloster;;;Fremdnutzung;Kulturell;https://www.schweizerkirchenbautag.unibe.ch/datenbank_kirchenumnutzungen/fichen/20_so_solothurn_st_josef/index_ger.html;20
Solothurn;SO;Kapuzinerkloster;;R÷misch-katholisch;Kloster;R³ckgabe;;Fremdnutzung;Verschiedenes;https://www.schweizerkirchenbautag.unibe.ch/datenbank_kirchenumnutzungen/fichen/21_so_solothurn_kapuzinerkloster/index_ger.html;21
Dornach;SO;Kapuzinerkloster;;R÷misch-katholisch;Kloster;R³ckgabe;Unverõndert;Zusammennutzung;Verschiedenes;https://www.schweizerkirchenbautag.unibe.ch/datenbank_kirchenumnutzungen/fichen/22_so_dornach_kapuzinerkloster/index_ger.html;22
Sursee;LU;Kapuzinerkloster;1606 - 1608;R÷misch-katholisch;Kloster;Verkauf;;Zusammennutzung;Verschiedenes;https://www.schweizerkirchenbautag.unibe.ch/datenbank_kirchenumnutzungen/fichen/23_lu_sursee_kapuzinerkloster/index_ger.html;23
Stans;UW;Kapuzinerkloster;1583 - 1585;R÷misch-katholisch;Kloster;R³ckgabe;;Zusammennutzung;Verschiedenes;https://www.schweizerkirchenbautag.unibe.ch/datenbank_kirchenumnutzungen/fichen/24_nw_stans_kapuzinerkloster/index_ger.html;24
Arth;SZ;Kapuzinerkloster;;R÷misch-katholisch;Kloster;Verkauf;;Fremdnutzung;Kirchlich;https://www.schweizerkirchenbautag.unibe.ch/datenbank_kirchenumnutzungen/fichen/25_sz_arth_kapuzinerkloster/index_ger.html;25
Luzern;LU;Kapuzinerkloster;1584 - 1588;R÷misch-katholisch;Kloster;Unverõndert;Umbau;Zusammennutzung;Verschiedenes;https://www.schweizerkirchenbautag.unibe.ch/datenbank_kirchenumnutzungen/fichen/26_lu_luzern_kapuzinerkloster/index_ger.html;26
Appenzell;AI;Kapuzinerkloster;1587 - 1590, 1688 (Neubau);R÷misch-katholisch;Kloster;R³ckgabe;;;Verschiedenes;https://www.schweizerkirchenbautag.unibe.ch/datenbank_kirchenumnutzungen/fichen/27_ai_appenzell_kapuzinerkloster/index_ger.html;27
Appenzell;AI;Kapuzinerinnenkloster Maria der Engel;1618 - 1621 (Kirche), 1679 - 1682 (Kloster);R÷misch-katholisch;Kloster;;;Zusammennutzung;Verschiedenes;https://www.schweizerkirchenbautag.unibe.ch/datenbank_kirchenumnutzungen/fichen/28_ai_appenzell_kapuzinerinnenkloster_maria_der_engel/index_ger.html;28
Langenbruck;BL;Kloster Sch÷nthal;;Profan;Kloster;Verkauf;Umbau;Fremdnutzung;Kulturell;https://www.schweizerkirchenbautag.unibe.ch/datenbank_kirchenumnutzungen/fichen/29_bl_langenbruck_kloster_schoenthal/index_ger.html;29
Rorschach;SG;Herz Jesu-Kirche;1894 - 1899;R÷misch-katholisch;Kirche;Unverõndert;Unverõndert;Zusammennutzung;Kulturell;https://www.schweizerkirchenbautag.unibe.ch/datenbank_kirchenumnutzungen/fichen/30_sg_rorschach_herz_jesu_kirche/index_ger.html;30
Basel;BS;Don Bosco;1934 - 1937;R÷misch-katholisch;Kirche;Abgabe im Baurecht;;Zusammennutzung;Kulturell;https://www.schweizerkirchenbautag.unibe.ch/datenbank_kirchenumnutzungen/fichen/31_bs_basel_don_bosco/index_ger.html;31
Basel;BS;Gemeindehaus Oekolampad;1929 - 1931;Evangelisch-reformiert;Kirche;Verkauf;Umbau;Fremdnutzung;Verschiedenes;https://www.schweizerkirchenbautag.unibe.ch/datenbank_kirchenumnutzungen/fichen/32_bs_basel_gemeindehaus_oekolampad/index_ger.html;32
Lausanne;VD;Temple de la Croix d'Ouchy;1839 - 1840 / 1901 - 1903 / 1912;Evangelisch-reformiert;Kirche;R³ckgabe;;;;https://www.schweizerkirchenbautag.unibe.ch/datenbank_kirchenumnutzungen/fichen/33_vd_lausanne_temple_de_la_croix_d_ouchy/index_ger.html;33
La Neuveville;BE;Temple du Bas;1720;Evangelisch-reformiert;Kirche;;;Fremdnutzung;Kulturell;https://www.schweizerkirchenbautag.unibe.ch/datenbank_kirchenumnutzungen/fichen/34_be_la_neuveville_temple_du_bas/index_ger.html;34
Villmergen;AG;Reformierte Kirche;1964 - 1965;Evangelisch-reformiert;Kirche;;;;;https://www.schweizerkirchenbautag.unibe.ch/datenbank_kirchenumnutzungen/fichen/35_ag_villmergen_reformierte_kirche/index_ger.html;35
Cortaillod;NE;Chapelle du Prķcieux Sang;1962;R÷misch-katholisch;Kirche;Verkauf;;Fremdnutzung;Gewerblich;https://www.schweizerkirchenbautag.unibe.ch/datenbank_kirchenumnutzungen/fichen/36_ne_cortaillod_chapelle_du_prcieux_sang/index_ger.html;36
La Chaux-de-Fonds;NE;Temple de l'Abeille;1904;Evangelisch-reformiert;Kirche;;;;Kulturell;https://www.schweizerkirchenbautag.unibe.ch/datenbank_kirchenumnutzungen/fichen/37_ne_la_chaux_de_fonds_temple_de_l_abeille/index_ger.html;37
Grand-Lancy;GE;Chapelle Grand-Lancy;1913;Evangelisch-reformiert;Kirche;Verkauf;;Fremdnutzung;Privat;https://www.schweizerkirchenbautag.unibe.ch/datenbank_kirchenumnutzungen/fichen/38_ge_grand_lancy_chapelle_grand_lancy/index_ger.html;38
St. Gallen;SG;St. Leonhard;1885 - 1887;Evangelisch-reformiert;Kirche;;;;;https://www.schweizerkirchenbautag.unibe.ch/datenbank_kirchenumnutzungen/fichen/39_sg_st_gallen_st_leonhard/index_ger.html;39
Ebnat-Kappel;SG;Reformierte Kirche Kappel;1823;Evangelisch-reformiert;Kirche;Unverõndert;Unverõndert;Zusammennutzung;Verschiedenes;https://www.schweizerkirchenbautag.unibe.ch/datenbank_kirchenumnutzungen/fichen/40_sg_ebnat_kappel_reformierte_kirche_kappel/index_ger.html;40
Sumiswald;BE;Katholische Kirche;1973;R÷misch-katholisch;Kirche;Verkauf;;Fremdnutzung;Kirchlich;https://www.schweizerkirchenbautag.unibe.ch/datenbank_kirchenumnutzungen/fichen/41_be_sumiswald_katholische_kirche/index_ger.html;41
Melide;TI;Reformierte Kirche;1931;Evangelisch-reformiert;Kirche;Verkauf;;Fremdnutzung;Kirchlich;https://www.schweizerkirchenbautag.unibe.ch/datenbank_kirchenumnutzungen/fichen/42_ti_melide_reformierte_kirche/index_ger.html;42
Arbon;TG;St. Johannes (Chappeli);1390;Profan;Kapelle;;;;Weiteres;https://www.schweizerkirchenbautag.unibe.ch/datenbank_kirchenumnutzungen/fichen/44_tg_arbon_st_johannes_chappeli/index_ger.html;44
Basel;BS;Elisabethenkirche;1857 - 1864;Evangelisch-reformiert;Kirche;Vermietung;Unverõndert;Erweiterte Nutzung;Verschiedenes;https://www.schweizerkirchenbautag.unibe.ch/datenbank_kirchenumnutzungen/fichen/45_bs_basel_elisabethenkirche/index_ger.html;45
Basel;BS;First Church of Christ Scientist;1935 - 1936;First Church of Christ Scientist;Kirche;Verkauf;Umbau;Fremdnutzung;Kulturell;https://www.schweizerkirchenbautag.unibe.ch/datenbank_kirchenumnutzungen/fichen/46_bs_basel_first_church_of_christ_scientist/index_ger.html;46
Bern;BE;Friedenskirche;1917 - 1920;Evangelisch-reformiert;Kirche;Abgabe im Baurecht;Umbau;Zusammennutzung;Kirchlich;https://www.schweizerkirchenbautag.unibe.ch/datenbank_kirchenumnutzungen/fichen/47_be_bern_friedenskirche/index_ger.html;47
Le Locle;NE;Eglise nķoapostolique;1972;Neuapostolisch;Kirche;Verkauf;;Fremdnutzung;Privat;https://www.schweizerkirchenbautag.unibe.ch/datenbank_kirchenumnutzungen/fichen/51_ne_le_locle_eglise_noapostolique/index_ger.html;51
Menziken;AG;Chrischona-Kapelle;1922;Chrischona;Kapelle;;;Fremdnutzung;Kulturell;https://www.schweizerkirchenbautag.unibe.ch/datenbank_kirchenumnutzungen/fichen/52_ag_menziken_chrischona_kapelle/index_ger.html;52
Niederbipp;BE;Neuapostolische Kirche;;Neuapostolisch;Kirche;Verkauf;Abriss | Neubau;Fremdnutzung;Privat;https://www.schweizerkirchenbautag.unibe.ch/datenbank_kirchenumnutzungen/fichen/53_be_niederbipp_neuapostolische_kirche/index_ger.html;53
Rheinau;ZH;Kloster;;Profan;Kloster;;;;Kulturell;https://www.schweizerkirchenbautag.unibe.ch/datenbank_kirchenumnutzungen/fichen/55_zh_rheinau_kloster/index_ger.html;55
Spiez;BE;Matthõuskirche;1898;Evangelisch-methodistisch;Kirche;;;;Kulturell;https://www.schweizerkirchenbautag.unibe.ch/datenbank_kirchenumnutzungen/fichen/56_be_spiez_matthaeuskirche/index_ger.html;56
Thun;BE;Johanneskirche;1966 - 1967;Evangelisch-reformiert;Kirche;Unverõndert;Unverõndert;;;https://www.schweizerkirchenbautag.unibe.ch/datenbank_kirchenumnutzungen/fichen/57_be_thun_johanneskirche/index_ger.html;57
Z³rich;ZH;Bullingerkirche;1953 - 1956;Evangelisch-reformiert;Kirche;Vermietung;Umbau;Zusammennutzung;Verschiedenes;https://www.schweizerkirchenbautag.unibe.ch/datenbank_kirchenumnutzungen/fichen/58_zh_zuerich_bullingerkirche/index_ger.html;58
Z³rich;ZH;St. Anna III;1910;Evangelisch-methodistisch;Kapelle;Vermietung;;;Verschiedenes;https://www.schweizerkirchenbautag.unibe.ch/datenbank_kirchenumnutzungen/fichen/59_zh_zuerich_st_anna_iii/index_ger.html;59
Z³rich;ZH;Zwinglihaus;1923 - 1925;Evangelisch-reformiert;Kirche;Unverõndert;Unverõndert;Zusammennutzung;Verschiedenes;https://www.schweizerkirchenbautag.unibe.ch/datenbank_kirchenumnutzungen/fichen/60_zh_zuerich_zwinglihaus/index_ger.html;60
Z³rich;ZH;Kirche Leimbach;1969 - 1972;Evangelisch-reformiert;Kirche;Unverõndert;Unverõndert;Zusammennutzung;Verschiedenes;;61
Z³rich;ZH;Inselhofkapelle;1906;Evangelisch-methodistisch;Kapelle;Verkauf;Umbau;Fremdnutzung;Gewerblich;https://www.schweizerkirchenbautag.unibe.ch/datenbank_kirchenumnutzungen/fichen/62_zh_zuerich_inselhofkapelle/index_ger.html;62
Schlieren;ZH;Neuapostolische Kirche;1969;Neuapostolisch;Kirche;Verkauf;;Fremdnutzung;Sozial;https://www.schweizerkirchenbautag.unibe.ch/datenbank_kirchenumnutzungen/fichen/64_zh_schlieren_neuapostolische_kirche/index_ger.html;64
Basel;BS;Lukaskirche;1971 - 1972;Evangelisch-reformiert;Kirche;Verkauf;Unverõndert;Fremdnutzung;Kirchlich;https://www.schweizerkirchenbautag.unibe.ch/datenbank_kirchenumnutzungen/fichen/67_bs_basel_lukaskirche/index_ger.html;67
Basel;BS;Matthõuskirche;1893 - 1895;Evangelisch-reformiert;Kirche;Unverõndert;Umbau;Zusammennutzung;Verschiedenes;;68
Basel;BS;St. Alban;"1083 ; 13. Jh (Kirche); 1270 - 1304 (Kloster)";Evangelisch-reformiert;Kirche;Vermietung;Unverõndert;Fremdnutzung;Kirchlich;https://www.schweizerkirchenbautag.unibe.ch/datenbank_kirchenumnutzungen/fichen/69_bs_basel_st_alban/index_ger.html;69
Bern;BE;Franz÷sische Kirche;1280 ca.;Evangelisch-reformiert;Kirche;Unverõndert;Unverõndert;Zusammennutzung;Verschiedenes;https://www.schweizerkirchenbautag.unibe.ch/datenbank_kirchenumnutzungen/fichen/70_be_bern_franzoesische_kirche/index_ger.html;70
Bulle;FR;Institut Sainte-Croix;;R÷misch-katholisch;Kloster;Verkauf;;Fremdnutzung;Verschiedenes;https://www.schweizerkirchenbautag.unibe.ch/datenbank_kirchenumnutzungen/fichen/71_fr_bulle_institut_sainte_croix/index_ger.html;71
Luzern;LU;Markuskirche (St. Mark's Church);1897 - 1899;Anglikanisch;Kirche;Verkauf;;Fremdnutzung;Kirchlich;https://www.schweizerkirchenbautag.unibe.ch/datenbank_kirchenumnutzungen/fichen/74_lu_luzern_markuskirche_st_mark_s_church/index_ger.html;74
Kappel am Albis;ZH;Zisterzienserkloster;1185;R÷misch-katholisch;Kloster;Unverõndert;Unverõndert;Zusammennutzung;Verschiedenes;https://www.schweizerkirchenbautag.unibe.ch/datenbank_kirchenumnutzungen/fichen/76_zh_kappel_am_albis_zisterzienserkloster/index_ger.html;76
Nyon;VD;Anc. Chapelle de l'Eglise Libre;1880 um/vor;Heilsarmee;Kapelle;Verkauf;;Fremdnutzung;Privat;https://www.schweizerkirchenbautag.unibe.ch/datenbank_kirchenumnutzungen/fichen/77_vd_nyon_ancienne_chapelle_de_l_eglise_libre/index_ger.html;77
St. Gallen;SG;First Church of Christ Scientist;1924 - 1925;First Church of Christ Scientist;Kirche;Verkauf;Abriss | Neubau;Fremdnutzung;Weiteres;https://www.schweizerkirchenbautag.unibe.ch/datenbank_kirchenumnutzungen/fichen/78_sg_st_gallen_first_church_of_christ_scientist/index_ger.html;78
Seedorf;UR;Kloster Sankt Lazarus;;R÷misch-katholisch;Kloster;Unverõndert;;Zusammennutzung;Verschiedenes;https://www.schweizerkirchenbautag.unibe.ch/datenbank_kirchenumnutzungen/fichen/79_ur_seedorf_kloster_sankt_lazarus/index_ger.html;79
Altdorf;UR;Kapuzinerinnenkloster St. Karl;1677;R÷misch-katholisch;Kloster;Vermietung;;;Privat;https://www.schweizerkirchenbautag.unibe.ch/datenbank_kirchenumnutzungen/fichen/80_ur_altdorf_kapuzinerinnenkloster_st_karl/index_ger.html;80
Basel;BS;St. Christophorus;1935 - 1936;R÷misch-katholisch;Kirche;Unverõndert;Abriss | Neubau;Zusammennutzung;Verschiedenes;https://www.schweizerkirchenbautag.unibe.ch/datenbank_kirchenumnutzungen/fichen/81_bs_basel_st_christophorus/index_ger.html;81
Bern;BE;First Church of Christ Scientist;1926;First Church of Christ Scientist;Kirche;Vermietung;Unverõndert;Fremdnutzung;Kulturell;https://www.schweizerkirchenbautag.unibe.ch/datenbank_kirchenumnutzungen/fichen/82_be_bern_first_church_of_christ_scientist/index_ger.html;82
Olten;SO;Stadtkirche St. Martin;1806 - 1813;Christkatholisch;Kirche;;;Erweiterte Nutzung;;https://www.schweizerkirchenbautag.unibe.ch/datenbank_kirchenumnutzungen/fichen/83_so_olten_stadtkirche_st_martin/index_ger.html;83
Bern;BE;Heiligkreuz;1969;R÷misch-katholisch;Kirche;Verkauf;;Fremdnutzung;Kirchlich;https://www.schweizerkirchenbautag.unibe.ch/datenbank_kirchenumnutzungen/fichen/84_be_bern_heiligkreuz/index_ger.html;84
Vernier;GE;Temple de ChŌtelaine;1958 - 1959;Evangelisch-reformiert;Kirche;Unverõndert;;;;https://www.schweizerkirchenbautag.unibe.ch/datenbank_kirchenumnutzungen/fichen/85_ge_vernier_temple_de_chtelaine/index_ger.html;85
Schaffhausen;SH;Zwinglikirche;1957 - 1958;Evangelisch-reformiert;Kirche;Unverõndert;Umbau;Erweiterte Nutzung;Erweiterte Nutzung;https://www.schweizerkirchenbautag.unibe.ch/datenbank_kirchenumnutzungen/fichen/86_sh_schaffhausen_zwinglikirche/index_ger.html;86
Perlen;LU;St. Joseph;1937 - 1938;R÷misch-katholisch;Kirche;Vermietung;;Fremdnutzung;Kirchlich;https://www.schweizerkirchenbautag.unibe.ch/datenbank_kirchenumnutzungen/fichen/87_lu_perlen_st_joseph/index_ger.html;87
Ebikon;LU;Kirchenzentrum H÷fli;;R÷misch-katholisch;Kirche;Unverõndert;Abriss | Neubau;Fremdnutzung;Privat;https://www.schweizerkirchenbautag.unibe.ch/datenbank_kirchenumnutzungen/fichen/88_lu_ebikon_kirchenzentrum_hoefli/index_ger.html;88
Fribourg;FR;Maison Bethlķem;;R÷misch-katholisch;Kloster;;Neubau;Fremdnutzung;Privat;https://www.schweizerkirchenbautag.unibe.ch/datenbank_kirchenumnutzungen/fichen/90_fr_fribourg_maison_bethlem/index_ger.html;90
Villars-sur-GlŌne;FR;Villa Beata;;R÷misch-katholisch;Kloster;;;;;https://www.schweizerkirchenbautag.unibe.ch/datenbank_kirchenumnutzungen/fichen/91_fr_villars_sur_glne_villa_beata/index_ger.html;91
Fribourg;FR;Couvent des Cordeliers;1256 (Kloster) / 1300 um (Kirche) / 1712 (Kloster Neubau) / 1745 (Kirche Neubau) / 1937 nach (Aufstockung);R÷misch-katholisch;Kloster;;Umbau;Zusammennutzung;Verschiedenes;https://www.schweizerkirchenbautag.unibe.ch/datenbank_kirchenumnutzungen/fichen/92_fr_fribourg_couvent_des_cordeliers/index_ger.html;92
Bern;BE;Lukaskapelle;1924;Evangelisch-methodistisch;Kirche;Verkauf;Umbau;Fremdnutzung;Privat;https://www.schweizerkirchenbautag.unibe.ch/datenbank_kirchenumnutzungen/fichen/93_be_bern_lukaskapelle/index_ger.html;93
Dietlikon;ZH;Neuapostolische Kirche;;Neuapostolisch;Kirche;;;Fremdnutzung;Kirchlich;https://www.schweizerkirchenbautag.unibe.ch/datenbank_kirchenumnutzungen/fichen/94_zh_dietlikon_neuapostolische_kirche/index_ger.html;94
Luzern;LU;Mariahilf;1676 - 1681;R÷misch-katholisch;Kirche;Vermietung;;;Kirchlich;https://www.schweizerkirchenbautag.unibe.ch/datenbank_kirchenumnutzungen/fichen/95_lu_luzern_mariahilf/index_ger.html;95
Lausanne;VD;Chapelle des Terreaux;"1856 (erste Kapelle); 1890 (Neubau)";Evangelisch-reformiert;Kapelle;;;;Kulturell;https://www.schweizerkirchenbautag.unibe.ch/datenbank_kirchenumnutzungen/fichen/98_vd_lausanne_chapelle_des_terreaux/index_ger.html;98
Cham;ZG;Kloster Heiligkreuz;;R÷misch-katholisch;Kloster;;Abriss;Fremdnutzung;Privat;https://www.schweizerkirchenbautag.unibe.ch/datenbank_kirchenumnutzungen/fichen/99_zg_cham_kloster_heiligkreuz/index_ger.html;99
Bern;BE;Waldaukapelle;1682;Evangelisch-reformiert;Kapelle;Unverõndert;;;;https://www.schweizerkirchenbautag.unibe.ch/datenbank_kirchenumnutzungen/fichen/100_be_bern_waldaukapelle/index_ger.html;100
Wattwil;SG;Kloster Maria der Engel;1621 (Neubau);R÷misch-katholisch;Kloster;Vermietung;;Fremdnutzung;Kirchlich;https://www.schweizerkirchenbautag.unibe.ch/datenbank_kirchenumnutzungen/fichen/101_sg_wattwil_kloster_maria_der_engel/index_ger.html;101
Frauenfeld;TG;Bruderklausen-Kapelle;;R÷misch-katholisch;Kapelle;;;;Kirchlich;https://www.schweizerkirchenbautag.unibe.ch/datenbank_kirchenumnutzungen/fichen/102_tg_frauenfeld_bruderklausen_kapelle/index_ger.html;102
Rafz;ZH;Neuapostolische Kirche;;Neuapostolisch;Kirche;Verkauf;;;;https://www.schweizerkirchenbautag.unibe.ch/datenbank_kirchenumnutzungen/fichen/103_zh_rafz_neuapostolische_kirche/index_ger.html;103
Ebikon;LU;Kloster Rathausen;1677;Profan;Kloster;;;;Sozial;https://www.schweizerkirchenbautag.unibe.ch/datenbank_kirchenumnutzungen/fichen/104_lu_ebikon_kloster_rathausen/index_ger.html;104
Altdorf;UR;Kapuzinerkloster;"1582 - 1584; 1804 - 1807 (Renovation nach Brand); 1958 - 1960 (Innenrenovation); 1966 - 1968  (Konventbau renoviert)";R÷misch-katholisch;Kloster;;;Fremdnutzung;Kulturell;https://www.schweizerkirchenbautag.unibe.ch/datenbank_kirchenumnutzungen/fichen/105_ur_altdorf_kapuzinerkloster/index_ger.html;105
Z³rich;ZH;Sonneggkapelle;1918;Evangelisch-methodistisch;Kapelle;;;Fremdnutzung;Privat;https://www.schweizerkirchenbautag.unibe.ch/datenbank_kirchenumnutzungen/fichen/106_zh_zuerich_sonneggkapelle/index_ger.html;106
Zofingen;AG;Neuapostolische Kirche;1927;Neuapostolisch;Kirche;;Abriss | Neubau;Fremdnutzung;Privat;https://www.schweizerkirchenbautag.unibe.ch/datenbank_kirchenumnutzungen/fichen/107_ag_zofingen_neuapostolische_kirche/index_ger.html;107
Saanen;BE;Neuapostolische Kirche;1961;Neuapostolisch;Kirche;Unverõndert;;;;https://www.schweizerkirchenbautag.unibe.ch/datenbank_kirchenumnutzungen/fichen/108_be_saanen_neuapostolische_kirche/index_ger.html;108
Wolhusen;LU;Tõuferkapelle;1918;Tõufergemeinde;Kapelle;Verkauf;;Fremdnutzung;Gewerblich;https://www.schweizerkirchenbautag.unibe.ch/datenbank_kirchenumnutzungen/fichen/109_lu_wolhusen_taeuferkapelle/index_ger.html;109
Brig-Glis;VS;Bruder-Klaus-Kapelle;1978 in Meisterschwanden;R÷misch-katholisch;Kapelle;Unverõndert;Abriss;Zusammennutzung;Verschiedenes;https://www.schweizerkirchenbautag.unibe.ch/datenbank_kirchenumnutzungen/fichen/110_vs_brig_glis_bruder_klaus_kapelle/index_ger.html;110
Berom³nster;LU;Don Bosco;1960er;R÷misch-katholisch;Kapelle;;Umbau;;Weiteres;https://www.schweizerkirchenbautag.unibe.ch/datenbank_kirchenumnutzungen/fichen/111_lu_beromuenster_don_bosco/index_ger.html;111
Bõretswil;ZH;Friedenskirche;;Evangelisch-methodistisch;Kirche;;Abriss | Neubau;Fremdnutzung;Kirchlich;https://www.schweizerkirchenbautag.unibe.ch/datenbank_kirchenumnutzungen/fichen/112_zh_baeretswil_friedenskirche/index_ger.html;112
Unterenstringen;ZH;Kloster Fahr;15. - 18. Jh.;R÷misch-katholisch;Kloster;;Umbau;Zusammennutzung;Verschiedenes;https://www.schweizerkirchenbautag.unibe.ch/datenbank_kirchenumnutzungen/fichen/113_zh_unterengstringen_kloster_fahr/index_ger.html;113
Rapperswil-Jona;SG;Neuapostolische Kirche;;Neuapostolisch;Kirche;Verkauf;;Fremdnutzung;;https://www.schweizerkirchenbautag.unibe.ch/datenbank_kirchenumnutzungen/fichen/114_sg_rapperswil_jona_neuapostolische_kirche/index_ger.html;114
Bremgarten;AG;Methodistische Kirche;;Evangelisch-methodistisch;Kapelle;Verkauf;;;;https://www.schweizerkirchenbautag.unibe.ch/datenbank_kirchenumnutzungen/fichen/116_ag_bremgarten_methodistische_kirche/index_ger.html;116
Eglisau;ZH;Methodistische Kirche;;Evangelisch-methodistisch;Kirche;Verkauf;Abriss | Neubau;Fremdnutzung;Privat;https://www.schweizerkirchenbautag.unibe.ch/datenbank_kirchenumnutzungen/fichen/117_zh_eglisau_methodistische_kirche/index_ger.html;117
Fribourg;FR;Anc. Couvent des Eremites de Saint Augustin;1730 - 1740 (1274 - 1325);R÷misch-katholisch;Kloster;;;Fremdnutzung;Weiteres;https://www.schweizerkirchenbautag.unibe.ch/datenbank_kirchenumnutzungen/fichen/118_fr_fribourg_ancien_couvent_des_eremites_de_saint_augustin/index_ger.html;118
Reiden;LU;Neuapostolische Kirche;;Neuapostolisch;Kirche;Verkauf;;Fremdnutzung;;https://www.schweizerkirchenbautag.unibe.ch/datenbank_kirchenumnutzungen/fichen/119_lu_reiden_neuapostolische_kirche/index_ger.html;119
Rorschach;SG;Methodistische Kirche;;Evangelisch-methodistisch;Kirche;Verkauf;;Fremdnutzung;Sozial;https://www.schweizerkirchenbautag.unibe.ch/datenbank_kirchenumnutzungen/fichen/120_sg_rorschach_methodistische_kirche/index_ger.html;120
Berg;TG;Methodistische Kirche Kehlhof;;Evangelisch-methodistisch;Kirche;Verkauf;;Fremdnutzung;Kirchlich;https://www.schweizerkirchenbautag.unibe.ch/datenbank_kirchenumnutzungen/fichen/121_tg_berg_methodistische_kirche_kehlhof/index_ger.html;121
K÷lliken;AG;Salem Kapelle;;Evangelisch-methodistisch;Kapelle;Verkauf;Umbau;Fremdnutzung;Privat;https://www.schweizerkirchenbautag.unibe.ch/datenbank_kirchenumnutzungen/fichen/122_ag_koelliken_salem_kapelle/index_ger.html;122
Altdorf;UR;Kapelle Karl Borromõus;"1733; 1903 - 1906 (Umbau); 1981 -1982 (Instandsetzung); 2002 (Kapellenrestaurierung)";R÷misch-katholisch;Kapelle;;;Fremdnutzung;Verschiedenes;https://www.schweizerkirchenbautag.unibe.ch/datenbank_kirchenumnutzungen/fichen/123_ur_altdorf_kapelle_karl_borromaeus/index_ger.html;123
Dierikon;LU;Dorfkapelle;1862;R÷misch-katholisch;Kapelle;Verkauf;Umbau;Fremdnutzung;Gewerblich;https://www.schweizerkirchenbautag.unibe.ch/datenbank_kirchenumnutzungen/fichen/124_lu_dierikon_dorfkapelle/index_ger.html;124
Aarau;AG;Neuapostolische Kirche;;Neuapostolisch;Kirche;;Abriss | Neubau;Fremdnutzung;Privat;https://www.schweizerkirchenbautag.unibe.ch/datenbank_kirchenumnutzungen/fichen/125_ag_aarau_neuapostolische_kirche/index_ger.html;125
Sch³pfheim;LU;Kapuzinerkloster;1654;R÷misch-katholisch;Kloster;;;Fremdnutzung;Sozial;https://www.schweizerkirchenbautag.unibe.ch/datenbank_kirchenumnutzungen/fichen/126_lu_schuepfheim_kapuzinerkloster/index_ger.html;126
Grafstal;ZH;St. Josef;;R÷misch-katholisch;Kirche;Vermietung;Unverõndert;Fremdnutzung;Kirchlich;https://www.schweizerkirchenbautag.unibe.ch/datenbank_kirchenumnutzungen/fichen/127_zh_grafstal_st_josef/index_ger.html;127
Brig-Glis;VS;Neuapostolische Kirche;1991 - 1992;Neuapostolisch;Kirche;;;;;https://www.schweizerkirchenbautag.unibe.ch/datenbank_kirchenumnutzungen/fichen/128_vs_brig_glis_neuapostolische_kirche/index_ger.html;128
Ebikon;LU;St. Klemens;1588 - 1592 (gegr³ndet 1245);R÷misch-katholisch;Kapelle;Unverõndert;;;;https://www.schweizerkirchenbautag.unibe.ch/datenbank_kirchenumnutzungen/fichen/129_lu_ebikon_st_klemens/index_ger.html;129
Lenzburg;AG;Methodistische Kirche;;Evangelisch-methodistisch;Kapelle;Verkauf;;Fremdnutzung;;https://www.schweizerkirchenbautag.unibe.ch/datenbank_kirchenumnutzungen/fichen/132_ag_lenzburg_methodistische_kirche/index_ger.html;132
Flawil;SG;Neuapostolische Kirche;;Neuapostolisch;Kirche;Verkauf;;Fremdnutzung;Kirchlich;https://www.schweizerkirchenbautag.unibe.ch/datenbank_kirchenumnutzungen/fichen/133_sg_flawil_neuapostolische_kirche/index_ger.html;133
Sch÷ftland;AG;Elim Kapelle;;Evangelisch-methodistisch;Kapelle;;Abriss | Neubau;Fremdnutzung;Privat;https://www.schweizerkirchenbautag.unibe.ch/datenbank_kirchenumnutzungen/fichen/134_ag_schoeftland_elim_kapelle/index_ger.html;134
Unterkulm;AG;Chrischonakapelle;1904;Chrischona;Kapelle;Verkauf;Abriss | Neubau;Fremdnutzung;Privat;https://www.schweizerkirchenbautag.unibe.ch/datenbank_kirchenumnutzungen/fichen/135_ag_unterkulm_chrischona_kapelle/index_ger.html;135
Rupperswil;AG;Methodistische Kirche;;Evangelisch-methodistisch;Kapelle;Verkauf;;Fremdnutzung;;https://www.schweizerkirchenbautag.unibe.ch/datenbank_kirchenumnutzungen/fichen/136_ag_rupperswil_methodistische_kirche/index_ger.html;136
Sissach;BL;Methodistische Kirche;;Evangelisch-methodistisch;Kapelle;;Abriss;;;https://www.schweizerkirchenbautag.unibe.ch/datenbank_kirchenumnutzungen/fichen/137_bl_sissach_methodistische_kirche/index_ger.html;137
Urtenen;BE;Neuapostolische Kirche;1974;Neuapostolisch;Kirche;Verkauf;Abriss | Neubau;Fremdnutzung;Privat;https://www.schweizerkirchenbautag.unibe.ch/datenbank_kirchenumnutzungen/fichen/138_be_urtenen_neuapostolische_kirche/index_ger.html;138
Hohentannen;TG;Kapelle Oetlishausen;12. - 13. Jh.;Evangelisch-reformiert;Kapelle;;;;Kirchlich;https://www.schweizerkirchenbautag.unibe.ch/datenbank_kirchenumnutzungen/fichen/139_tg_oetlishausen_kapelle/index_ger.html;139
Rõmism³hle;ZH;Chrischonakapelle;1884;Chrischona;Kapelle;;;Fremdnutzung;Sozial;https://www.schweizerkirchenbautag.unibe.ch/datenbank_kirchenumnutzungen/fichen/140_zh_raemismuehle_chrischonakapelle/index_ger.html;140
Schafisheim;AG;Methodistische Kirche;;Evangelisch-methodistisch;Kapelle;Verkauf;;Fremdnutzung;;https://www.schweizerkirchenbautag.unibe.ch/datenbank_kirchenumnutzungen/fichen/141_ag_schafisheim_methodistische_kirche/index_ger.html;141
Ettiswil;LU;St. Gertrud;;R÷misch-katholisch;Kloster;;;;Sozial;;144
Brig-Glis;VS;Kapuzinerkloster;1944;R÷misch-katholisch;Kloster;;;;Sozial;https://www.schweizerkirchenbautag.unibe.ch/datenbank_kirchenumnutzungen/fichen/145_vs_brig_glis_kapuzinerkloster/index_ger.html;145
Andermatt;UR;Kapuzinerhospiz;1688;R÷misch-katholisch;Kloster;;;;;https://www.schweizerkirchenbautag.unibe.ch/datenbank_kirchenumnutzungen/fichen/146_ur_andermatt_kapuzinerhospiz/index_ger.html;146
Heiligkreuz;LU;Kapuzinerhospiz;1923 - 1925;R÷misch-katholisch;Kloster;;;;;https://www.schweizerkirchenbautag.unibe.ch/datenbank_kirchenumnutzungen/fichen/147_lu_heiligkreuz_kapuzinerhospiz/index_ger.html;147
Mels;SG;Kapuzinerkloster;1654;R÷misch-katholisch;Kloster;;;Zusammennutzung;Verschiedenes;https://www.schweizerkirchenbautag.unibe.ch/datenbank_kirchenumnutzungen/fichen/148_sg_mels_kapuzinerkloster/index_ger.html;148
Altstõtten;SG;Kapuzinerinnenkloster Maria Hilf;1616;R÷misch-katholisch;Kloster;;;;;https://www.schweizerkirchenbautag.unibe.ch/datenbank_kirchenumnutzungen/fichen/149_sg_altstaetten_kapuzinerinnenkloster_maria_hilf/index_ger.html;149
Oberriet;SG;Franziskusheim der Missionsfranziskanerinnen;1970;R÷misch-katholisch;Kloster;;;Zusammennutzung;Sozial;https://www.schweizerkirchenbautag.unibe.ch/datenbank_kirchenumnutzungen/fichen/150_sg_oberriet_franziskusheim_der_missionsfranziskanerinnen/index_ger.html;150
Werthenstein;LU;Seminar der Missionare von der Heiligen Familie;1969 - 1970;R÷misch-katholisch;Kloster;Verkauf;;Fremdnutzung;Sozial;https://www.schweizerkirchenbautag.unibe.ch/datenbank_kirchenumnutzungen/fichen/152_lu_werthenstein_seminar_der_missionare_von_der_heiligen_familie/index_ger.html;152
Ilanz;GR;Dominikanerinnenkloster;;R÷misch-katholisch;Kloster;Unverõndert;;Zusammennutzung;Verschiedenes;https://www.schweizerkirchenbautag.unibe.ch/datenbank_kirchenumnutzungen/fichen/153_gr_ilanz_dominikanerinnenkloster/index_ger.html;153
Solothurn;SO;Kloster Visitation;1679;R÷misch-katholisch;Kloster;;Unverõndert;;Kirchlich;https://www.schweizerkirchenbautag.unibe.ch/datenbank_kirchenumnutzungen/fichen/154_so_solothurn_kloster_visitation/index_ger.html;154
Rickenbach;LU;Dominikanerinnenkloster;1983 - 1985;R÷misch-katholisch;Kloster;Unverõndert;;Zusammennutzung;Kirchlich;https://www.schweizerkirchenbautag.unibe.ch/datenbank_kirchenumnutzungen/fichen/155_lu_rickenbach_dominikanerinnenkloster/index_ger.html;155
Basel;BS;Neuapostolische Kirche;;Neuapostolisch;Kirche;Vermietung;;Fremdnutzung;Weiteres;https://www.schweizerkirchenbautag.unibe.ch/datenbank_kirchenumnutzungen/fichen/156_bs_basel_neuapostolische_kirche/index_ger.html;156
Arbon;TG;Neuapostolische Kirche;;Neuapostolisch;Kirche;;;;;https://www.schweizerkirchenbautag.unibe.ch/datenbank_kirchenumnutzungen/fichen/159_tg_arbon_neuapostolische_kirche/index_ger.html;159
Finhaut;VS;Chapelle anglaise;;Anglikanisch;Kapelle;Verkauf;Umbau;Fremdnutzung;Verschiedenes;https://www.schweizerkirchenbautag.unibe.ch/datenbank_kirchenumnutzungen/fichen/160_vs_finhaut_chapelle_anglaise/index_ger.html;160
Adliswil;ZH;Neuapostolische Kirche;;Neuapostolisch;Kirche;;;;;https://www.schweizerkirchenbautag.unibe.ch/datenbank_kirchenumnutzungen/fichen/161_zh_adliswil_neuapostolische_kirche/index_ger.html;161
Bern;BE;K÷nigssaal der Zeugen Jehovas in B³mpliz;;Zeugen Jehova;Kirche;Verkauf;Umbau;Fremdnutzung;Privat;https://www.schweizerkirchenbautag.unibe.ch/datenbank_kirchenumnutzungen/fichen/163_be_bern_koenigssaal_der_zeugen_jehovas/index_ger.html;163
Lugano;TI;Monastero San Giuseppe;;R÷misch-katholisch;Kloster;;;Zusammennutzung;;https://www.schweizerkirchenbautag.unibe.ch/datenbank_kirchenumnutzungen/fichen/164_ti_lugano_monastero_san_giuseppe/index_ger.html;164
Gampel-Bratsch;VS;Alte Kapelle Jeizinen;"17. Jahrhundert, 2. Hõlfte; 1793 restauriert";R÷misch-katholisch;Kapelle;;;;Kulturell;https://www.schweizerkirchenbautag.unibe.ch/datenbank_kirchenumnutzungen/fichen/165_vs_gampel_bratsch_alte_kapelle_jeizinen/index_ger.html;165
St. Gallen;SG;St. Katharina;1386;R÷misch-katholisch;Kloster;Verkauf;;;Gewerblich;https://www.schweizerkirchenbautag.unibe.ch/datenbank_kirchenumnutzungen/fichen/166_sg_st_gallen_st_katharina/index_ger.html;166
Oberwil-Zug;ZG;Kloster der Barmherzigen Br³der von Maria-Hilf;;R÷misch-katholisch;Kloster;;;Fremdnutzung;Sozial;https://www.schweizerkirchenbautag.unibe.ch/datenbank_kirchenumnutzungen/fichen/168_zg_oberwil_zug_kloster_der_barmherzigen_brueder_von_maria_hilf/index_ger.html;168
Menzingen;ZG;Kloster Heilig Kreuz;;R÷misch-katholisch;Kloster;Unverõndert;Neubau;Fremdnutzung;Privat;https://www.schweizerkirchenbautag.unibe.ch/datenbank_kirchenumnutzungen/fichen/169_zg_menzingen_kloster_heilig_kreuz/index_ger.html;169
Hochdorf;LU;Kloster Baldegg;1902 - 1903;R÷misch-katholisch;Kloster;Unverõndert;;Zusammennutzung;Verschiedenes;https://www.schweizerkirchenbautag.unibe.ch/datenbank_kirchenumnutzungen/fichen/170_lu_hochdorf_kloster_baldegg/index_ger.html;170
Zug;ZG;Kapuzinerkloster St. Anna;1595 - 1597;R÷misch-katholisch;Kloster;;;Fremdnutzung;Kirchlich;https://www.schweizerkirchenbautag.unibe.ch/datenbank_kirchenumnutzungen/fichen/171_zg_zug_kapuzinerkloster_st_anna/index_ger.html;171
Dulliken;SO;Franziskushaus der Kapuziner;1968 eingeweiht;R÷misch-katholisch;Bildungshaus;Verkauf;;Fremdnutzung;;https://www.schweizerkirchenbautag.unibe.ch/datenbank_kirchenumnutzungen/fichen/172_so_dulliken_franziskushaus_der_kapuziner/index_ger.html;172
Solothurn;SO;Kapelle Dreibeinskreuz;1504;R÷misch-katholisch;Kapelle;Unverõndert;;;;https://www.schweizerkirchenbautag.unibe.ch/datenbank_kirchenumnutzungen/fichen/173_so_solothurn_kapelle_dreibeinskreuz/index_ger.html;173
NeuchŌtel;NE;Chapelle des Charmettes;1968 - 1969;Evangelisch-reformiert;Kapelle;Verkauf;;Fremdnutzung;Sozial;https://www.schweizerkirchenbautag.unibe.ch/datenbank_kirchenumnutzungen/fichen/174_ne_neuchtel_chapelle_des_charmettes/index_ger.html;174
Boudry;NE;Eglise apostolique des Addoz;1989;Neuapostolisch;Kirche;Verkauf;;Fremdnutzung;Verschiedenes;https://www.schweizerkirchenbautag.unibe.ch/datenbank_kirchenumnutzungen/fichen/175_ne_boudry_eglise_apostolique_des_addoz/index_ger.html;175
Corcelles-Cormondreche;NE;Reformierte Kirche;1876 - 1877;Evangelisch-reformiert;Kirche;Verkauf;;Fremdnutzung;Kirchlich;https://www.schweizerkirchenbautag.unibe.ch/datenbank_kirchenumnutzungen/fichen/176_ne_corcelles_cormondreche_reformierte_kirche/index_ger.html;176
Val-de-Travers;NE;Anc. Temple allemand;1766 - 1768;Evangelisch-reformiert;Kirche;;Umbau;Fremdnutzung;Verschiedenes;https://www.schweizerkirchenbautag.unibe.ch/datenbank_kirchenumnutzungen/fichen/177_ne_val_de_travers_ancien_temple_allemand/index_ger.html;177
Le Locle;NE;Chapelle des Saints Ap¶tres;1968 geweiht, 1961 projektiert;R÷misch-katholisch;Kapelle;;;Fremdnutzung;Privat;https://www.schweizerkirchenbautag.unibe.ch/datenbank_kirchenumnutzungen/fichen/178_ne_le_locle_chapelle_des_saints_aptres/index_ger.html;178
La Chaux-de-Fonds;NE;Temple des Forges;1969;Evangelisch-reformiert;Kirche;Verkauf;Abriss | Neubau;Fremdnutzung;Sozial;https://www.schweizerkirchenbautag.unibe.ch/datenbank_kirchenumnutzungen/fichen/179_ne_la_chaux_de_fonds_temple_des_forges/index_ger.html;179
La Chaux-de-Fonds;NE;Temple des Eplatures;1847 - 1852;Evangelisch-reformiert;Kirche;Schenkung;;Fremdnutzung;Kulturell;https://www.schweizerkirchenbautag.unibe.ch/datenbank_kirchenumnutzungen/fichen/180_ne_la_chaux_de_fonds_temple_des_eplatures/index_ger.html;180
Villars-sur-GlŌne;FR;Villa Saint-Franńois;;R÷misch-katholisch;Kloster;Vermietung;;Zusammennutzung;Verschiedenes;https://www.schweizerkirchenbautag.unibe.ch/datenbank_kirchenumnutzungen/fichen/181_fr_villars_sur_glne_villa_saint_franois/index_ger.html;181
Vevey;VD;Chapelle nķoapostolique;;Neuapostolisch;Kirche;Verkauf;;Fremdnutzung;Gewerblich;https://www.schweizerkirchenbautag.unibe.ch/datenbank_kirchenumnutzungen/fichen/182_vd_vevey_chapelle_noapostolique/index_ger.html;182
Z³rich;ZH;Neuapostolische Kirche;;Neuapostolisch;Kirche;Verkauf;;Fremdnutzung;Kirchlich;https://www.schweizerkirchenbautag.unibe.ch/datenbank_kirchenumnutzungen/fichen/183_zh_zuerich_neuapostolische_kirche/index_ger.html;183
Z³rich;ZH;Neuapostolische Kirche;;Neuapostolisch;Kirche;;Abriss | Neubau;Fremdnutzung;Privat;https://www.schweizerkirchenbautag.unibe.ch/datenbank_kirchenumnutzungen/fichen/184_zh_zuerich_neuapostolische_kirche/index_ger.html;184
Z³rich;ZH;Neuapostolische Kirche;;Neuapostolisch;Kirche;Vermietung;;;Kirchlich;https://www.schweizerkirchenbautag.unibe.ch/datenbank_kirchenumnutzungen/fichen/185_zh_zuerich_neuapostolische_kirche/index_ger.html;185
Carouge;GE;Chapelle de l'Eglise Evangķlique Libre;1913;Evangelisch-reformiert;Kapelle;;Unverõndert;;Kirchlich;https://www.schweizerkirchenbautag.unibe.ch/datenbank_kirchenumnutzungen/fichen/186_ge_carouge_chapelle_de_l_eglise_evanglique_libre/index_ger.html;186
GenĶve;GE;Sainte-Jeanne-de-Chantal;1964 - 1965;R÷misch-katholisch;Kirche;;;;;https://www.schweizerkirchenbautag.unibe.ch/datenbank_kirchenumnutzungen/fichen/187_ge_genve_sainte_jeanne_de_chantal/index_ger.html;187
Heiligkreuz;LU;Hauskapelle im Ferienhaus der Ingebohler Schwestern;1973;R÷misch-katholisch;Kapelle;Verkauf;;Fremdnutzung;;https://www.schweizerkirchenbautag.unibe.ch/datenbank_kirchenumnutzungen/fichen/189_lu_heiligkreuz_hauskapelle_im_ferienhaus_der_ingebohler_schwestern/index_ger.html;189
Dussnang;TG;Kapelle im Kneipp-Hof;;R÷misch-katholisch;Kapelle;Verkauf;;Fremdnutzung;;https://www.schweizerkirchenbautag.unibe.ch/datenbank_kirchenumnutzungen/fichen/190_tg_dussnang_kapelle_im_kneipp_hof/index_ger.html;190
Z³rich;ZH;Elisabethenkirche;1912;Christkatholisch;Kirche;Vermietung;;Fremdnutzung;Kirchlich;https://www.schweizerkirchenbautag.unibe.ch/datenbank_kirchenumnutzungen/fichen/191_zh_zuerich_elisabethenkirche/index_ger.html;191
GenĶve;GE;Eglise Saint-Nicolas-de-Fl³e;1968;R÷misch-katholisch;Kirche;;Unverõndert;Fremdnutzung;Kirchlich;https://www.schweizerkirchenbautag.unibe.ch/datenbank_kirchenumnutzungen/fichen/194_ge_genve_eglise_saint_nicolas_de_fluee/index_ger.html;194
GenĶve;GE;Eglise Saint-Jean XIII;1982;R÷misch-katholisch;Kirche;;Unverõndert;Fremdnutzung;Kirchlich;https://www.schweizerkirchenbautag.unibe.ch/datenbank_kirchenumnutzungen/fichen/195_ge_genve_eglise_saint_jean_xiii/index_ger.html;195
GenĶve;GE;Temple des PŌquis;1868;Evangelisch-reformiert;Kirche;Unverõndert;Unverõndert;Zusammennutzung;Sozial;https://www.schweizerkirchenbautag.unibe.ch/datenbank_kirchenumnutzungen/fichen/196_ge_genve_temple_des_pquis/index_ger.html;196
Lausanne;VD;Chapelle de l'H¶pital cantonal;1937;Multireligi÷s;Kapelle;;;;;https://www.schweizerkirchenbautag.unibe.ch/datenbank_kirchenumnutzungen/fichen/197_vd_lausanne_chapelle_de_l_hpital_cantonal/index_ger.html;197
Oberb³ren;SG;Kapelle im Thurhof;1778;R÷misch-katholisch;Kapelle;;;;Sozial;https://www.schweizerkirchenbautag.unibe.ch/datenbank_kirchenumnutzungen/fichen/198_sg_oberbueren_kapelle_im_thurhof/index_ger.html;198
Courtelary;BE;Eglise Sainte Trinitķ;1971;R÷misch-katholisch;Kirche;;Abriss | Neubau;Fremdnutzung;Verschiedenes;https://www.schweizerkirchenbautag.unibe.ch/datenbank_kirchenumnutzungen/fichen/199_be_courtelary_eglise_sainte_trinit/index_ger.html;199
Lausanne;VD;Eglise du Christ Scientiste;1952;First Church of Christ Scientist;Kirche;;Abriss | Neubau;Fremdnutzung;Privat;https://www.schweizerkirchenbautag.unibe.ch/datenbank_kirchenumnutzungen/fichen/200_vd_lausanne_premire_eglise_du_christ_scientiste/index_ger.html;200
GenĶve;GE;Eglise du Petit-Lancy;1904;R÷misch-katholisch;Kirche;;;Fremdnutzung;Weiteres;https://www.schweizerkirchenbautag.unibe.ch/datenbank_kirchenumnutzungen/fichen/201_ge_genve_eglise_du_petit_lancy/index_ger.html;201
Jussy;GE;Chapelle catholique;;R÷misch-katholisch;Kapelle;Verkauf;;Fremdnutzung;Privat;https://www.schweizerkirchenbautag.unibe.ch/datenbank_kirchenumnutzungen/fichen/202_ge_jussy_chapelle_catholique/index_ger.html;202
Les Avanchets;GE;Centre Communautaire Oecumķnique;1977;ųkumenisch;Kirche;Verkauf;;Fremdnutzung;Kirchlich;https://www.schweizerkirchenbautag.unibe.ch/datenbank_kirchenumnutzungen/fichen/203_ge_les_avanchets_centre_communautaire_oecumnique/index_ger.html;203
Melchtal;OW;Benediktinerinnenkloster Niklaus von Fl³e;1893 - 1896;R÷misch-katholisch;Kloster;;;;;https://www.schweizerkirchenbautag.unibe.ch/datenbank_kirchenumnutzungen/fichen/205_ow_melchtal_benediktinerinnenkloster_niklaus_von_fluee/index_ger.html;205
Reinach (AG);AG;Altes evangelisch-methodistisches Vereinshaus;1907;Evangelisch-methodistisch;Kapelle;Verkauf;;Fremdnutzung;Sozial;https://www.schweizerkirchenbautag.unibe.ch/datenbank_kirchenumnutzungen/fichen/206_ag_reinach_ag_altes_evangelisch_methodistisches_vereinshaus/index_ger.html;206
Meyrin;GE;Ancienne ķglise catholique de la Persķcution;1884;R÷misch-katholisch;Kirche;Verkauf;;Fremdnutzung;Kulturell;https://www.schweizerkirchenbautag.unibe.ch/datenbank_kirchenumnutzungen/fichen/207_ge_meyrin_ancienne_glise_catholique_de_la_perscution/index_ger.html;207
Z³rich;ZH;Emmaus-Kapelle;1910;Chrischona;Kapelle;Verkauf;;Fremdnutzung;Kirchlich;https://www.schweizerkirchenbautag.unibe.ch/datenbank_kirchenumnutzungen/fichen/208_zh_zuerich_emmaus_kapelle/index_ger.html;208
Boswil;AG;Alte Kirche;15. Jh (Turm), 17. Jh. (Schiff und Chor);R÷misch-katholisch;Kirche;Verkauf;;Fremdnutzung;Privat;https://www.schweizerkirchenbautag.unibe.ch/datenbank_kirchenumnutzungen/fichen/209_ag_boswil_alte_kirche/index_ger.html;209
Wohlenschwil;AG;Alte Kirche;1653-1654;R÷misch-katholisch;Kirche;Verkauf;;Zusammennutzung;Verschiedenes;https://www.schweizerkirchenbautag.unibe.ch/datenbank_kirchenumnutzungen/fichen/210_ag_wohlenschwil_alte_kirche/index_ger.html;210
Lutry;VD;Ancienne Chapelle de l'Eglise libre;;Eglise libre;Kapelle;Verkauf;;;Privat;https://www.schweizerkirchenbautag.unibe.ch/datenbank_kirchenumnutzungen/fichen/211_vd_lutry_ancienne_chapelle_de_leglise_libre/index_ger.html;211
Basel;BS;Pauluskirche;1899 - 1901;Evangelisch-reformiert;Kirche;Vermietung;Unverõndert;Zusammennutzung;Verschiedenes;https://www.schweizerkirchenbautag.unibe.ch/datenbank_kirchenumnutzungen/fichen/212_bs_basel_matthaeuskirche/index_ger.html;212
Z³rich;ZH;Kirche Wipkingen;1908;Evangelisch-reformiert;Kirche;Unverõndert;;;;;214
Solothurn;SO;Augustinerkloster;;R÷misch-katholisch;Kloster;;;;;;217
Allschwil;BL;Theresienkirche;1938;R÷misch-katholisch;Kirche;;;;Verschiedenes;;218
Schaffhausen;SH;Kapelle der Adventisten;;Adventisten;Kapelle;Verkauf;;Fremdnutzung;Kirchlich;;220
Beringen;SH;Neuapostolische Kirche;1967;Neuapostolisch;Kapelle;Verkauf;;Fremdnutzung;Privat;;221
H÷lstein;BL;Leuenberg;1967;Evangelisch-reformiert;Bildungshaus;Verkauf;Unverõndert;Fremdnutzung;Gewerblich;;222
Olten;SO;Friedenskirche;1928 - 1929;Evangelisch-reformiert;Kirche;Unverõndert;;;;;224
Olten;SO;Kapuzinerkloster;1646 gegr³ndet;Evangelisch-methodistisch;Kloster;;;;;;225
Uerkheim;AG;Kapelle der Evangelisch-methodistischen Kirche;;Evangelisch-methodistisch;Kapelle;;;;;;226
Z³rich;ZH;Kirche Hirzenbach;1954 - 1955;Evangelisch-reformiert;Kirche;Unverõndert;Abriss | Neubau;Zusammennutzung;Verschiedenes;;227
Z³rich;ZH;Kirche Witikon;1955 - 1957;Evangelisch-reformiert;Kirche;;;Zusammennutzung;;;228
Fribourg;FR;St Joseph de Cluny;1912;R÷misch-katholisch;Kloster;;;;;;241
Stans;NW;Kapuzinerinnenkloster;1583 - 1584;R÷misch-katholisch;Kloster;;;;;;242
Fribourg;FR;Franziskaner;1281;R÷misch-katholisch;Kloster;;;;;;243
Buchrain;LU;St. Agatha;1455;R÷misch-katholisch;Kirche;;;;;;244
ChŌbles;FR;Dominikanerinnen-Abtei;1896;R÷misch-katholisch;Kloster;;;;;;245
Onex;GE;Saint-Marc;1969;R÷misch-katholisch;Kirche;;;;;;246
Truttikon;ZH;Kapelle Chrischona;;Chrischona;Kapelle;;Abriss | Neubau;;Privat;;247
T³bach;TG;Kloster St. Scholastika;1903 - 1905;R÷misch-katholisch;Kloster;;;;;;249
Z³rich;ZH;Kirche Balgrist;1950 - 1952;Evangelisch-reformiert;Kirche;;;;;;250
Maloja;GR;Katholische Kirche;1379;R÷misch-katholisch;Kirche;;;;;;251
Niederteufen;AR;Kloster Wonnenstein;1687;R÷misch-katholisch;Kloster;;;;;;253
Basel;BS;Martinskirche;1101 (erste Erwõhnung);Evangelisch-reformiert;Kirche;Unverõndert;Unverõndert;Fremdnutzung;Verschiedenes;;254
Basel;BS;Johanneskirche;1936;Evangelisch-reformiert;Kirche;Unverõndert;Umbau;Zusammennutzung;Verschiedenes;;255
Biel;BE;Zwinglikirche;1963  -1966;Evangelisch-reformiert;Kirche;;;;Kulturell;;256
Villars-sur-GlŌne;FR;Notre-Dame de la Route;1959;R÷misch-katholisch;Kirche;;;;;;257
Immensee;SZ;Bethlehem;1896?;R÷misch-katholisch;Kloster;;;;;;258
Delķmont;JU;Kloster Saint-Franńois;1962 - 1964;R÷misch-katholisch;Kloster;;;;;;259
Wikon;LU;Marienburg;;R÷misch-katholisch;Kloster;;;;;;260
Melchtal;OW;St. Niklaus von Fl³e;;R÷misch-katholisch;Kirche;;;;;;261
Luzern;LU;Priesterseminar St. Beat Luzern;;R÷misch-katholisch;Seminar;;;;;;262
;;;;;;;;;;;
;;;;;;;;;;;264
;;;;;;;;;;;265
